bucket,machine_count,pct_of_machines
1 person,219922,79.97338123740882
2 persons,43599,15.854527735150587
3+ persons,11473,4.172091027440598
