"rel_week","beta","se","ci_lo","ci_hi"
-16,0.0382781118374547,0.0228113495445307,-0.00761240421412883,0.0841686278890382
-15,0.0274442553004737,0.0150022192540207,-0.00273631696869637,0.0576248275696438
-14,0.00937207392790285,0.0171087643892353,-0.0250463205337789,0.0437904683895846
-13,-0.00350776746289243,0.0206685330902239,-0.0450874928398602,0.0380719579140753
-12,0.000766494545449692,0.0145891025091888,-0.028582994031242,0.0301159831221414
-11,-0.00265257008296134,0.0232072375101634,-0.0493395099939061,0.0440343698279834
-10,0.000237608730084715,0.0154990732535703,-0.030942504859388,0.0314177223195575
-9,0.00597647140767223,0.0182968317458187,-0.0308320062882882,0.0427849491036327
-8,0.0127358914437473,0.0169821519654914,-0.0214277916755474,0.046899574563042
-7,0.0117118225292235,0.017279882323192,-0.0230508168128248,0.0464744618712717
-6,0.0158973576942036,0.0166478629046838,-0.0175938225781677,0.0493885379665749
-5,-0.00622511722008656,0.0154708559962949,-0.037348465009912,0.0248982305697389
-4,-0.0157600879182923,0.0120972561686196,-0.0400966282576718,0.00857645242108713
-3,0.00448099597909595,0.0194373925395295,-0.0346219940739442,0.0435839860321361
-2,0.0130051679797265,0.0152035109502669,-0.0175803509498595,0.0435906869093125
-1,0,NA,0,0
0,0.0136168616660007,0.0129676808589666,-0.0124707472871004,0.0397044706191017
1,0.000117317622102327,0.0182827758954246,-0.0366628833501652,0.0368975185943699
2,-0.000751396598831659,0.016519854020528,-0.0339850562128294,0.0324822630151661
3,0.0036528223083518,0.011933093494743,-0.0203534653291478,0.0276591099458514
4,0.0232049176691092,0.0118338331332979,-0.000601683877863898,0.0470115192160822
5,0.0204963177077804,0.0228878992513866,-0.0255481964903992,0.0665408319059601
6,0.0118733166731278,0.0135349780734324,-0.0153555470696402,0.0391021804158957
7,0.0250140170816111,0.0186502077570757,-0.0125053614527753,0.0625333956159975
8,0.0294314986099499,0.0162004395034265,-0.00315958187932127,0.062022579099221
