"rel_week","beta","se","ci_lo","ci_hi"
-16,0.000853880302447222,0.00121800635595292,-0.00159643242980363,0.00330419303469808
-15,0.00102068028713649,0.00150624560379382,-0.00200949501764289,0.00405085559191588
-14,-0.00138500187288183,0.00180139440564851,-0.0050089399799311,0.00223893623416743
-13,-0.00341026601689727,0.00194159271566667,-0.0073162467441665,0.000495714710371955
-12,-0.00057083700240558,0.00169722527816764,-0.00398521385542168,0.00284353985061052
-11,-0.00269051658062939,0.00155757909356237,-0.00582396154648729,0.000442928385228504
-10,-0.00189058026512162,0.00171765706572555,-0.0053460605729359,0.00156490004269266
-9,-0.00128013265062462,0.00122347606678552,-0.00374144902175579,0.00118118372050654
-8,0.000448875860809777,0.00114860415799109,-0.00186181765805936,0.00275956937967891
-7,-0.00133214329727682,0.00107577461949697,-0.00349632268296109,0.00083203608840745
-6,-0.00128451364919899,0.00102585545475943,-0.0033482686287692,0.000779241330371226
-5,-0.000984967306151373,0.00134749482990677,-0.00369577724751623,0.00172584263521349
-4,-0.00167994984206078,0.00151131832763026,-0.0047203301508969,0.00136043046677534
-3,-0.00141446822610675,0.00122235379665723,-0.0038735268809535,0.00104459042874
-2,-0.00154829474699964,0.000702759986847829,-0.00296206548396961,-0.000134524010029662
-1,0,NA,0,0
0,0.00136880065850953,0.00200777943532594,-0.00267033057416914,0.00540793189118819
1,0.000709600968652309,0.001765557328678,-0.00284224223876172,0.00426144417606634
2,-0.00249640844298014,0.00127227896039469,-0.00505590357237214,6.30866864118492e-05
3,-0.00124054946719755,0.00107703431820978,-0.00340726303981748,0.00092616410542238
4,0.000457105910983179,0.00159292846998255,-0.00274745282755429,0.00366166464952064
5,-0.00116415015678887,0.0011431782913701,-0.00346392823995446,0.00113562792637673
6,-0.0018248446816117,0.0018737725516168,-0.00559438883721402,0.00194469947399062
7,-0.0010580801056822,0.00166707034619324,-0.00441179306035666,0.00229563284899225
8,0.00113657085684543,0.00219007593393235,-0.00326929362759083,0.00554243534128169
