"rel_week","beta","se","ci_lo","ci_hi"
-16,-0.000993993587048235,0.00396203589279216,-0.0089645817094297,0.00697659453533323
-15,0.00590212761593742,0.00596653584863113,-0.00610099427737483,0.0179052495092497
-14,-0.00250416809983485,0.00510667787985928,-0.0127774788813154,0.00776914268164569
-13,-0.00474486015473267,0.00544807876954513,-0.0157049809374176,0.00621526062795227
-12,0.000629840471711469,0.00663752222090574,-0.0127231318908662,0.0139828128342891
-11,-0.00677868625292859,0.0050274532706858,-0.0168926176784504,0.00333524517259324
-10,-0.00393416462744119,0.00490224676339592,-0.0137962130496654,0.00592788379478301
-9,-0.00381919261333886,0.00462013335788703,-0.0131137020682345,0.00547531684155682
-8,0.00221286253108763,0.00426059660021267,-0.00635835226221951,0.0107840773243948
-7,-0.000977831575186936,0.00415527938167674,-0.00933717545317201,0.00738151230279814
-6,-0.000488067836066741,0.00399652191141941,-0.00852803287927788,0.0075518972071444
-5,-0.00190916257472434,0.00529699606498587,-0.0125653441597236,0.00874701901027488
-4,-0.000848319533874935,0.00640600106921035,-0.0137355314158016,0.0120388923480517
-3,-0.00590948632308315,0.00427200867008958,-0.0145036592397072,0.00268468659354087
-2,-6.1174743451419e-05,0.00315700520726044,-0.00641225002095308,0.00628990053405025
-1,0,NA,0,0
0,0.00321371791797949,0.00631468862473272,-0.00948979701998382,0.0159172328559428
1,0.00513333514686936,0.0047730974326679,-0.00446889833440819,0.0147355686281469
2,-0.000124127776985763,0.0042480062605748,-0.00867001407396176,0.00842175851999024
3,0.00366970142314449,0.00409162522967111,-0.00456158681838373,0.0119009896646727
4,0.00349951810482375,0.00584409470275395,-0.00825728397477988,0.0152563201844274
5,0.000690784507405414,0.00423602815973415,-0.00783100495883191,0.00921257397364274
6,-0.00356627082894665,0.00527855865521827,-0.0141853611297481,0.00705281947185485
7,0.000812045119880654,0.00489680717951221,-0.00903906027106685,0.0106631505108282
8,0.00266457591811739,0.00637478961620696,-0.01015984661931,0.0154889984555448
