"rel_week","beta","se","ci_lo","ci_hi"
-16,0.105059622705758,0.0834432565400723,-0.0628065570734512,0.272925802484968
-15,0.0780834354833875,0.0697239955807957,-0.0621831512056144,0.218350022172389
-14,0.0333388857635628,0.0651542986939033,-0.0977346565626128,0.164412428089738
-13,0.021797348421207,0.0852162452221534,-0.14963562452013,0.193230321362544
-12,0.0640375785049903,0.0640531387857728,-0.0648207158219043,0.192895872831885
-11,-0.0365794118878722,0.0783470631863881,-0.194193373031675,0.121034549255931
-10,-0.0295569039835925,0.0553242158485289,-0.140854870396408,0.0817410624292235
-9,0.0215417978643903,0.0774496314822004,-0.134266763561793,0.177350359290573
-8,-0.00285653632035249,0.0591814098041128,-0.12191417608293,0.116201103442225
-7,0.0617256234217718,0.0686212517123793,-0.0763225287508697,0.199773775594413
-6,0.0179130169491297,0.0640852516594392,-0.111009880146732,0.146835914044991
-5,-0.0149193754985517,0.0714406863368475,-0.158639498531048,0.128800747533945
-4,-0.025807372133302,0.0644137604050545,-0.155391143581832,0.103776399315228
-3,0.0108309010659005,0.0800011233550356,-0.150110599931317,0.171772402063118
-2,0.0560068955840553,0.0457596312017001,-0.0360496083977374,0.148063399565848
-1,0,NA,0,0
0,0.0396235436837981,0.0494257042457734,-0.0598081479670496,0.139055235334646
1,-0.0435246565867486,0.0604461464003097,-0.165126618199092,0.0780773050255951
2,0.0488123060999765,0.0766596446754496,-0.105407006861754,0.203031619061707
3,0.0559738782510861,0.049788119879338,-0.0441868996126125,0.156134656114785
4,0.0631424459400096,0.0489437079064907,-0.0353195941476336,0.161604486027653
5,0.0802171913679916,0.080201854026258,-0.0811281276528724,0.241562510388856
6,0.0313935069269431,0.0537633372902184,-0.0767643768531075,0.139551390706994
7,0.100120380277652,0.0648046128789716,-0.0302496849275492,0.230490445482853
8,0.0783361835097646,0.052331685855006,-0.0269415890765299,0.183613956096059
