platform,gender,visitors,share
mobile,Male,6969,0.6176548790215368
mobile,Female,4314,0.3823451209784632
