platform,machines_with_xxx,mean_total_minutes,median_total_minutes,p25_total_minutes,p75_total_minutes,p95_total_minutes,max_total_minutes,mean_sessions_per_machine,median_sessions_per_machine,mean_minutes_per_session,median_minutes_per_session
mobile,11283,186.3800348607049,46.983333333333334,10.274999999999999,171.28333333333336,820.7883333333333,11245.666666666666,31.02322077461668,12.0,5.741451150197534,3.6700000000000004
desktop,42113,156.07014856853385,20.633333333333333,4.133333333333334,96.98333333333333,668.4200000000005,26350.45,26.18307885925961,6.0,5.693609068518043,2.7712121212121215
