"rel_week","beta","se","ci_lo","ci_hi"
-16,0.0216835028640335,0.0139467585988438,-0.00637375644446967,0.0497407621725366
-15,0.0139898898905243,0.0110969781111071,-0.00833435055556216,0.0363141303366108
-14,0.00233482847087936,0.0108732211852951,-0.0195392711023236,0.0242089280440823
-13,-0.0110145462526114,0.0169392574517945,-0.0450919367408853,0.0230628442356624
-12,-0.0145600860128914,0.011063949816171,-0.0368178820999556,0.00769771007417281
-11,0.00403008727675533,0.0164006064905956,-0.0289636772501151,0.0370238518036258
-10,0.00666999035141141,0.0123597157369701,-0.0181945505348348,0.0315345312376576
-9,0.00177155591331622,0.0120961120899758,-0.0225626828367045,0.026105794663337
-8,0.0154845901016227,0.012186650671222,-0.00903178878034661,0.0400009689835919
-7,0.000571608310309259,0.011587535210045,-0.0227395057260085,0.023882722346627
-6,0.0159126486060884,0.0141418530553351,-0.0125370901245423,0.0443623873367191
-5,-0.00420725688417093,0.00819903593540469,-0.0207015896489508,0.0122870758806089
-4,-0.0132287101327139,0.0115815679071955,-0.0365278195041315,0.0100703992387038
-3,0.00246382986365495,0.00842241908571823,-0.0144798918346952,0.0194075515620051
-2,0.00183948088931441,0.0136882677768206,-0.0256977619600973,0.0293767237387261
-1,0,NA,0,0
0,0.00765118020457662,0.00949280436910985,-0.0114458789336726,0.0267482393428258
1,0.0127286568777965,0.0114511346715443,-0.0103080546691247,0.0357653684247177
2,-0.0116684505916417,0.0118698761269091,-0.0355475612890983,0.012210660105815
3,-0.0100862559084975,0.0136873734712789,-0.0376216996472194,0.0174491878302243
4,0.0129401626128001,0.0104179812819528,-0.00801811240338259,0.0338984376289828
5,0.00527400105958766,0.0162959763674246,-0.0275092748095433,0.0380572769287186
6,0.00672013080962828,0.0109227150910268,-0.0152535376589178,0.0286937992781743
7,0.00575507259877858,0.0130528080584867,-0.0205037901904174,0.0320139353879745
8,0.0190850861431791,0.0121427827280728,-0.00534304182030292,0.0435132141066611
