"rel_week","beta","se","ci_lo","ci_hi"
-16,0.00121678862718134,0.000904569467770637,-0.000602970418615818,0.00303654767297851
-15,-0.000103713514367373,0.000812948902533219,-0.0017391557571856,0.00153172872845085
-14,-0.00113612772840514,0.00129538860524243,-0.00374211346659523,0.00146985800978494
-13,-0.00309016654614635,0.0013700569928304,-0.00584636570474204,-0.000333967387550663
-12,-0.000770297477250466,0.00105422998497042,-0.00289113464880418,0.00135053969430325
-11,-0.00171175179333833,0.00118546177279224,-0.00409659326914239,0.000673089682465732
-10,-0.00140626296579419,0.00115703465398549,-0.00373391645500609,0.000921390523417713
-9,-0.000777628745105519,0.00124905932825411,-0.00329041199980639,0.00173515450959536
-8,6.28588509334735e-05,0.000810228643120663,-0.00156711093581666,0.00169282863768361
-7,-0.00132713200447024,0.000899587924002448,-0.00313686947684801,0.000482605467907542
-6,-0.00132674530777511,0.0010847219166371,-0.00350892433360456,0.000855433718054332
-5,-0.000699180148920502,0.00089766039046024,-0.00250503992397985,0.00110667962613884
-4,-0.0018171378926644,0.000922696298455235,-0.00367336341813529,3.90876328064868e-05
-3,-0.000283684697419547,0.00119866245735826,-0.00269508252517404,0.00212771313033495
-2,-0.00191248595763698,0.00079048727248867,-0.00350274122929018,-0.000322230685983782
-1,0,NA,0,0
0,0.000913912119972441,0.0013067463133897,-0.00171492237984063,0.00354274661978552
1,-0.000305943523898597,0.00134010340892736,-0.00300188384422513,0.00238999679642793
2,-0.0029754789147054,0.00109636619021996,-0.00518108319745444,-0.000769874631956365
3,-0.00252214794152241,0.000994418099258586,-0.00452265911938706,-0.000521636763657768
4,-0.000371270030043064,0.00115756004581681,-0.00269998047128762,0.00195744041120149
5,-0.00163640588530044,0.00135896474429292,-0.00437029031812491,0.00109747854752403
6,-0.00143535043906548,0.00167168568138111,-0.00479834825052182,0.00192764737239086
7,-0.00156495664675729,0.001547282909484,-0.00467768836196792,0.00154777506845333
8,0.00089746911900271,0.00156492467819903,-0.00225075325706579,0.00404569149507121
